tag,data_type,enabled,alarm_value,low,high,unit,message
BZ_Point1,float32,false,,,,,坝仔渗压测试点1
BZ_Point2,float32,false,,,,,坝仔渗压测试点2
BZ_Point3,float32,false,,,,,坝仔渗压测试点3
BZ_Point4,float32,false,,,,,坝仔渗压测试点4
BZ_Point5,float32,false,,,,,坝仔渗压测试点5
BZ_Point6,float32,false,,,,,坝仔渗压测试点6
BZ_Point7,float32,false,,,,,坝仔渗压测试点7
BZ_Point8,float32,false,,,,,坝仔渗压测试点8
BZ_Stage?,float32,false,,,,,坝仔水位
BZ_Rainfall,float32,false,,,,,坝仔降雨量
DT_Point1,float32,false,,,,,淡塘渗压测试点1
DT_Point2,float32,false,,,,,淡塘渗压测试点2
DT_Point3,float32,false,,,,,淡塘渗压测试点3
DT_Point4,float32,false,,,,,淡塘渗压测试点4
DT_Point5,float32,false,,,,,淡塘渗压测试点5
DT_Point6,float32,false,,,,,淡塘渗压测试点6
DT_Point7,float32,false,,,,,淡塘渗压测试点7
DT_Point8,float32,false,,,,,淡塘渗压测试点8
DT_Stage?,float32,false,,,,,淡塘水位
DT_Rainfall,float32,false,,,,,淡塘降雨量
DY_Point1,float32,false,,,,,稻元渗压测试点1
DY_Point2,float32,false,,,,,稻元渗压测试点2
DY_Point3,float32,false,,,,,稻元渗压测试点3
DY_Point4,float32,false,,,,,稻元渗压测试点4
DY_Point5,float32,false,,,,,稻元渗压测试点5
DY_Point6,float32,false,,,,,稻元渗压测试点6
DY_Point7,float32,false,,,,,稻元渗压测试点7
DY_Point8,float32,false,,,,,稻元渗压测试点8
DY_Stage?,float32,false,,,,,稻元水位
DY_Rainfall,float32,false,,,,,稻元降雨量
