protocol,device,tag_name,address,data_type,writable,slave_id,register_type,scale,offset,byte_order,description,history
Modbus,pump_station_1,Pump1_Run,00011,bool,true,1,coil,1,0,,1号泵运行,true
Modbus,pump_station_1,Pump2_Run,00002,bool,true,1,coil,1,0,,2号泵运行,true
Modbus,pump_station_1,Pump1_Speed,40001,int16,true,1,holding_register,1,0,,1号泵速度,true
Modbus,pump_station_1,Pump2_Speed,40002,int16,true,1,holding_register,1,0,,2号泵速度,true
Modbus,pump_station_1,Water_Level,40003,float32,true,1,holding_register,1,0,ABCD,水位,true
Modbus,pump_station_1,Pressure,40005,float32,true,1,holding_register,1,0,ABCD,压力,true
Modbus,pump_station_1,Total_Flow,40007,float32,true,1,holding_register,1,0,ABCD,总流量,true
Modbus,pump_station_1,Input_Temperature,30001,int16,false,1,input_register,1,0,,入口温度,true
OPCDA,opcda_server_1,BZ_Point1,BZpumpStation.oPressure.Point1,float32,TRUE,,,1,0,,坝仔渗压测试点1,true
OPCDA,opcda_server_1,BZ_Point2,BZpumpStation.oPressure.Point2,float32,TRUE,,,1,0,,坝仔渗压测试点2,true
OPCDA,opcda_server_1,BZ_Point3,BZpumpStation.oPressure.Point3,float32,TRUE,,,1,0,,坝仔渗压测试点3,true
OPCDA,opcda_server_1,BZ_Point4,BZpumpStation.oPressure.Point4,float32,TRUE,,,1,0,,坝仔渗压测试点4,true
OPCDA,opcda_server_1,BZ_Point5,BZpumpStation.oPressure.Point5,float32,TRUE,,,1,0,,坝仔渗压测试点5,true
OPCDA,opcda_server_1,BZ_Point6,BZpumpStation.oPressure.Point6,float32,TRUE,,,1,0,,坝仔渗压测试点6,true
OPCDA,opcda_server_1,BZ_Point7,BZpumpStation.oPressure.Point7,float32,TRUE,,,1,0,,坝仔渗压测试点7,true
OPCDA,opcda_server_1,BZ_Point8,BZpumpStation.oPressure.Point8,float32,TRUE,,,1,0,,坝仔渗压测试点8,true
OPCDA,opcda_server_1,BZ_Stage?,BZpumpStation.Regim.Stage,float32,TRUE,,,1,0,,坝仔水位,true
OPCDA,opcda_server_1,BZ_Rainfall,BZpumpStation.Regim.Rainfall,float32,TRUE,,,1,0,,坝仔降雨量,true
OPCDA,opcda_server_1,DT_Point1,DTpumpStation.oPressure.Point1,float32,TRUE,,,1,0,,淡塘渗压测试点1,true
OPCDA,opcda_server_1,DT_Point2,DTpumpStation.oPressure.Point2,float32,TRUE,,,1,0,,淡塘渗压测试点2,true
OPCDA,opcda_server_1,DT_Point3,DTpumpStation.oPressure.Point3,float32,TRUE,,,1,0,,淡塘渗压测试点3,true
OPCDA,opcda_server_1,DT_Point4,DTpumpStation.oPressure.Point4,float32,TRUE,,,1,0,,淡塘渗压测试点4,true
OPCDA,opcda_server_1,DT_Point5,DTpumpStation.oPressure.Point5,float32,TRUE,,,1,0,,淡塘渗压测试点5,true
OPCDA,opcda_server_1,DT_Point6,DTpumpStation.oPressure.Point6,float32,TRUE,,,1,0,,淡塘渗压测试点6,true
OPCDA,opcda_server_1,DT_Point7,DTpumpStation.oPressure.Point7,float32,TRUE,,,1,0,,淡塘渗压测试点7,true
OPCDA,opcda_server_1,DT_Point8,DTpumpStation.oPressure.Point8,float32,TRUE,,,1,0,,淡塘渗压测试点8,true
OPCDA,opcda_server_1,DT_Stage?,DTpumpStation.Regim.Stage,float32,TRUE,,,1,0,,淡塘水位,true
OPCDA,opcda_server_1,DT_Rainfall,DTpumpStation.Regim.Rainfall,float32,TRUE,,,1,0,,淡塘降雨量,true
OPCDA,opcda_server_1,DY_Point1,DYpumpStation.oPressure.Point1,float32,TRUE,,,1,0,,稻元渗压测试点1,true
OPCDA,opcda_server_1,DY_Point2,DYpumpStation.oPressure.Point2,float32,TRUE,,,1,0,,稻元渗压测试点2,true
OPCDA,opcda_server_1,DY_Point3,DYpumpStation.oPressure.Point3,float32,TRUE,,,1,0,,稻元渗压测试点3,true
OPCDA,opcda_server_1,DY_Point4,DYpumpStation.oPressure.Point4,float32,TRUE,,,1,0,,稻元渗压测试点4,true
OPCDA,opcda_server_1,DY_Point5,DYpumpStation.oPressure.Point5,float32,TRUE,,,1,0,,稻元渗压测试点5,true
OPCDA,opcda_server_1,DY_Point6,DYpumpStation.oPressure.Point6,float32,TRUE,,,1,0,,稻元渗压测试点6,true
OPCDA,opcda_server_1,DY_Point7,DYpumpStation.oPressure.Point7,float32,TRUE,,,1,0,,稻元渗压测试点7,true
OPCDA,opcda_server_1,DY_Point8,DYpumpStation.oPressure.Point8,float32,TRUE,,,1,0,,稻元渗压测试点8,true
OPCDA,opcda_server_1,DY_Stage?,DYpumpStation.Regim.Stage,float32,TRUE,,,1,0,,稻元水位,true
OPCDA,opcda_server_1,DY_Rainfall,DYpumpStation.Regim.Rainfall,float32,TRUE,,,1,0,,稻元降雨量,true
